Original Keyword,Processed Keyword
UCHL1,UCHL1
&#945,&#945
(Acute respiratory distress syndrome) ARDS,ARDS
(Cyclin-dependent kinase inhibitor 1B),(Cyclin-dependent kinase inhibitor 1B)
?B),?B)
"0.9% saline, angiopoietin 2, P-selectin","0.9% saline, angiopoietin 2, P-selectin"
17 beta-estradiol,17 beta-estradiol
1-antitrypsin,1-antitrypsin
2-chlorofatty acid,2-chlorofatty acid
"3-(4,5-dimethylthiazol-2-yl)-2,5-diphenyltetrazolium bromide (MTT)","3-(4,5-dimethylthiazol-2-yl)-2,5-diphenyltetrazolium bromide (MTT)"
34-1-2S,34-1-2S
4-dihydroxyphenyl)-2-hydroxypropanoate,4-dihydroxyphenyl)-2-hydroxypropanoate
A549,A549
Abl2,Abl2
Acacetin,Acacetin
ACE,Angiotensin converting enzyme
ACE2,Angiotensin converting enzyme 2 (ACE2)
ACE-2,Angiotensin converting enzyme 2 (ACE2)
ACE-2 receptor,ACE-2 receptor
Acid aspiration,Acid aspiration
acidic microenvironment,acidic microenvironment
acidosis,acidosis
acrolein,acrolein
actin,actin
actin cytoskeleton,actin cytoskeleton
Acute aortic dissection,acute aortic dissection
acute aortic dissection,acute aortic dissection
acute chest syndrome,acute chest syndrome
Acute ethanol intoxication,Acute ethanol intoxication
acute inflammation of lung injury,acute inflammation of lung injury
Acute kidney injury,Acute kidney injury
acute king injury,Acute kidney injury
acute lung,acute lung
Acute lung inflammation,Acute lung inflammation
Acute lung injury,acute lung injury (ALI)
acute lung injury,acute lung injury (ALI)
Acute Lung Injury,acute lung injury (ALI)
Acute lung injury (ALI),acute lung injury (ALI)
acute lung injury (ALI),acute lung injury (ALI)
acute lung injury and acute respiratory distress syndrome,acute lung injury (ALI); ARDS
acute pancreatitis,acute pancreatitis
Acute pancreatitis,acute pancreatitis
Acute pulmonary endothelial cell injury,Acute pulmonary endothelial cell injury
Acute respiratory distress syndrome,ARDS
Acute Respiratory Distress Syndrome,ARDS
acute respiratory distress syndrome,ARDS
Acute respiratory distress syndrome (ARDS),ARDS
acute respiratory distress syndrome (ARDS),ARDS
acute respiratory distress syndrome/acute lung injury (ARDS/ALI),acute lung injury (ALI); ARDS
acute respiratory distress syndromes and acute lung injury,acute lung injury (ALI); ARDS
ADAM10,ADAM10
"adenosine 3 ',5 '-cyclic monophosphate","adenosine 3 ',5 '-cyclic monophosphate"
adherence,adherence
Adherens junction,adhesion junction
adherens junction,adhesion junction
adherens junctions,adhesion junction
adherens junctions (AJs),adhesion junction
Adhesion,Adhesion
adhesion junction,adhesion junction
adhesion molecule,adhesion molecules
Adhesion molecules,adhesion molecules
adhesion molecules,adhesion molecules
adipokine,adipokine
Adipose stromal cells,Adipose stromal cells
adipose tissue-derived stem cell,adipose tissue-derived stem cell
adipose-derived exosomes,adipose-derived exosomes
Adipose-derived mesenchymal stem cells,Adipose-derived mesenchymal stem cells
Adipose-derived stem cells,Adipose-derived stem cells
adrenomedullin,adrenomedullin
ADSCs exosome,ADSCs exosome
Adult stem cells,Adult stem cells
aerobic glycolysis,aerobic glycolysis
AFM,AFM
aging,aging
airway diseases,airway diseases
airway epithelium,airway epithelium
airway inflammation,airway inflammation
Akt,Akt
AKT,Akt
Akt pathway,Akt signaling pathway
Akt signaling pathway,Akt signaling pathway
Akt/GSK-3 beta,Akt/GSK-3 beta
AKT/GSK3 beta signaling pathway,Akt/GSK-3 beta
Akt/mTOR signal pathway,Akt/mTOR signal pathway
AKT1,Akt1
Akt1,Akt1
albumin,albumin
Alda-1,Alda-1
aldehyde dehydrogenase,aldehyde dehydrogenase
aldehyde dehydrogenase 2 (ALDH2),ALDH2
ALDH2,ALDH2
ALI,acute lung injury (ALI)
ALI/ARDS,acute lung injury (ALI); ARDS
Alk5,Alk5
allogeneic bone marrow transplantation,allogeneic bone marrow transplantation
alpha(2)-Adrenoceptor,alpha(2)-adrenoreceptor
alpha(2)-adrenoreceptor,alpha(2)-adrenoreceptor
alpinetin,alpinetin
alternative methods,alternative methods
alveolar capillary dysplasia,alveolar capillary dysplasia
alveolar collapse,alveolar collapse
alveolar epithelial cell (AEC),alveolar epithelial cells
alveolar epithelial cells,alveolar epithelial cells
Alveolar epithelial cells,alveolar epithelial cells
alveolar epithelial fluid transport,alveolar epithelial fluid transport
alveolar fluid clearance,alveolar fluid clearance
Alveolar macrophages,alveolar macrophages
alveolar macrophages,alveolar macrophages
alveolar permeability,alveolar permeability
alveolar remodeling,alveolar remodeling
Alveolar type II epithelial cell,Alveolar type II epithelial cell
amiloride-insensitive sodium channel,amiloride-insensitive sodium channel
AMP-activated protein kinase,AMPK
AMPK,AMPK
anagliptin,anagliptin
and mouth disease,and mouth disease
ANDV,ANDV
angiogenesis,angiogenesis
Angiogenesis,angiogenesis
angiopoietin,angiopoietin
angiopoietin (Ang)-1 &-2,angiopoietin-1; angiopoietin-2
angiopoietin 2,angiopoietin-2
angiopoietin-1,angiopoietin-1
Angiopoietin-1,angiopoietin-1
Angiopoietin-1 and-2,angiopoietin-1; angiopoietin-2
Angiopoietin-1 gene,angiopoietin-1
angiopoietin-2,angiopoietin-2
Angiopoietin-2,angiopoietin-2
angiopoietin-like protein 4,angiopoietin-like protein 4
Angiopoietins,angiopoietin
angiotensin,angiotensin
Angiotensin converting enzyme,Angiotensin converting enzyme
Angiotensin converting enzyme 2 (ACE2),Angiotensin converting enzyme 2 (ACE2)
angiotensin II,angiotensin II
Angiotensin II,angiotensin II
angiotensin II receptors,angiotensin II receptors
angiotensin-(1-7),angiotensin
angiotensin-(1-7) receptor blocker,angiotensin-(1-7) receptor blocker
angiotensin-converting enzyme,Angiotensin converting enzyme
angiotensin-converting enzyme 2,Angiotensin converting enzyme 2 (ACE2)
Animal models,Animal models
anti-apoptosis,anti-apoptosis
Antibodies,Antibodies
anticoagulants,anticoagulants
antiinflammation,Anti-inflammation
Anti-inflammation,Anti-inflammation
Anti-inflammatory therapy,Anti-inflammation
antioxidant,antioxidant
Antioxidant enzyme mimetic,Antioxidant enzyme mimetic
Antioxidant response element,Antioxidant response element
Antioxidant therapy,Antioxidant therapy
antiplatelet,antiplatelet
Antiplatelet agents,antiplatelet
Aortic dissection,Aortic dissection
apelin-13,apelin-13
Apelin-13,apelin-13
Apelin-APJ axis,Apelin-APJ axis
Apolipoprotein A-I,Apolipoprotein A-I
Apolipoprotein E,Apolipoprotein E
APOM,APOM
Apoptosis,apoptosis
apoptosis,apoptosis
AQP1,aquaporin 1
aquaporin 1,aquaporin 1
aquaporin-1,aquaporin 1
Aquaporins,Aquaporins
ARDS,ARDS
ARDS/ALI,acute lung injury (ALI); ARDS
Arg,Arginine
arginase 1,arginase 1
Arp 2/3,Arp 2/3
artificial sweeteners,artificial sweetener
aspirin,aspirin
asthma,asthma
Astilbin,Astilbin
asymmetric dimethylarginine,asymmetric dimethylarginine
ATG16L1,ATG16L1
atherosclerosis,atherosclerosis
Atrial natriuretic peptide,Atrial natriuretic peptide
aureus),aureus)
autophagy,autophagy
Autophagy,autophagy
AUY-922,AUY-922
B cell colony-enhancing factor,B cell colony-enhancing factor
bacterial DNA,bacterial DNA
bacterial infection,bacterial infection
bacterial lipopolysaccharide,bacterial lipopolysaccharide
BALF,BALF
BAP31,BAP31
barrier disruption,barrier disruption
Barrier dysfunction,barrier dysfunction
barrier dysfunction,barrier dysfunction
barrier function,barrier function
Barrier function,barrier function
barrier permeability,barrier permeability
Barrier permeability,barrier permeability
barrier protection,barrier protection
Barrier regulation,Barrier regulation
Basic science,Basic science
basic science research,basic science research
Bcl-2,Bcl-2
beas-2b,beas-2b
Beclin-1,Beclin-1
Berberine,berberine
berberine,berberine
beta 1 integrin,beta 1 integrin
Beta-arrestin-1 penehyclidine hydrochloride,Beta-arrestin-1 penehyclidine hydrochloride
beta-NAD,beta-NAD
bicarbonate,bicarbonate
bindarit,bindarit
biomarker,biomarkers
Biomarker,biomarkers
biomarkers,biomarkers
Biomarkers,biomarkers
Bioprocessing,Bioprocessing
bitter taste receptors,bitter taste receptors
Blebbistatin,Blebbistatin
Bleomycin,Bleomycin
blood-air barrier hyperpermeability,blood-air barrier hyperpermeability
Blood-borne cells,Blood-borne cells
blood-brain barrier,blood-brain barrier
BLT1,BLT1
BLT2,BLT2
BML-111,BML-111
BMP signaling in endothelial cells,BMP signaling in endothelial cells
BMP9,BMP9
Bone morphogenetic protein,bone morphogenetic proteins
bone morphogenetic proteins,bone morphogenetic proteins
bovine serum albumin nanoparticles,bovine serum albumin nanoparticles
bradykinin,bradykinin
brain injury,brain injury
bronchiectasis,bronchiectasis
Bronchoalveolar lavage (BAL),Bronchoalveolar lavage (BAL)
bronchoalveolar lavage fluid,BALF
bronchopulmonar dysplasia,bronchopulmonary dysplasia
bronchopulmonary dysplasia,bronchopulmonary dysplasia
Btk,Btk
Burn,burn
burn,burn
burns,burn
C16,C16
C23,C23
C3a,C3a
C3a-C3aR,C3a-C3aR
C3G,C3G
C5a,C5a
C5aR1 inhibition,C5aR1 inhibition
Ca2+,Ca2+
c-Abl,c-Abl
C-Abl,c-Abl
c-abl gene,c-Abl
c-Abl tyrosine kinase,c-Abl
Cadherin,cadherin
cadherin,cadherin
Calcineurin/NFATc3,Calcineurin/NFATc3
calcitonin gene-related peptide,calcitonin gene-related peptide
Calcium,calcium
calcium,calcium
calcium channels,calcium channels
Calcium signal,Calcium signal
Calpain,Calpain
cAMP,cAMP
cancer,cancer
capillary endothelial permeability,capillary endothelial permeability
capillary leak,capillary leak
Capillary permeability,Capillary permeability
Capillary Permeability,Capillary permeability
captopril,captopril
carboxyl stress,carboxyl stress
Cardamonin,Cardamonin
cardiopulmonary bypass,cardiopulmonary bypass
CARDS,CARDS
caspase 3,caspase-3
caspase-1,caspase-1
Caspase-1,caspase-1
Caspase-11,caspase-11
caspase-11,caspase-11
caspase-3,caspase-3
CaSR,CaSR
catalase,catalase
catenin,catenin
cathepsin B,cathepsin B
Cathepsin G,Cathepsin G
cationic polymers,cationic polymer
Cav-1,caveolin-1
caveolae,caveolae
caveolae (caveolin-1),caveolin-1
caveolin-1,caveolin-1
Caveolin-1,caveolin-1
CCL2,CCL2
CCL-2,CCL2
CCL25,CCL25
CCR11,CCR11
CD163,CD163
CD200-CD200R,CD200-CD200R
CD26,CD26
CD31,CD31
CD40L,CD40L
CD41,CD41
CD54,CD54
Cdc42,Cdc42
cdc42-deficient,cdc42-deficient
CDH5,CDH5
Cdk2,Cdk2
CDKN1B,CDKN1B
Celigo,Celigo
cell adhesion,cell adhesion
Cell apoptosis,Cell apoptosis
cell biology,cell biology
cell culture,cell culture
cell culture model for lung transplantation,cell culture model for lung transplantation
Cell cultures,Cell cultures
Cell cytoskeleton,Cell cytoskeleton
Cell damage,Cell damage
cell junction,cell junction
cell mechanics,cell mechanics
cell migration,cell migration
cell permeability,cell permeability
Cell proliferation,Cell proliferation
Cell signalling,Cell signalling
Cell survival,Cell survival
cell therapy,cell therapy
Cell therapy,cell therapy
cell transformation,cell transformation
cell transmigration,cell transmigration
Cell transplantation,Cell transplantation
cell-derived extracellular vesicles,cell-derived extracellular vesicles
cell-free microRNAs,cell-free microRNAs
cells,cells
Cellular adhesion molecules,Cellular adhesion molecules
Cellular bioenergetics,Cellular bioenergetics
Ceramide,Ceramide
Chaperone heat shock protein 90,Chaperone heat shock protein 90
chemokine,chemokines
chemokine receptors,chemokine receptors
chemokines,chemokines
Chemokines,chemokines
chemotaxis,chemotaxis
cholin transporter-like protein 2,cholin transporter-like protein 2
chronic bronchitis,chronic bronchitis
chronic obstructive pulmonary disease,chronic obstructive pulmonary disease (COPD)
chronic obstructive pulmonary disease (COPD),chronic obstructive pulmonary disease (COPD)
chronic rhinosinusitis,chronic rhinosinusitis
cigarette smoke,cigarette smoke
Ciliary arteries,Ciliary arteries
Circ_0054633,Circ_0054633
circEXOC5,circEXOC5
circKlhl2,circKlhl2
circPalm2,circPalm2
circulating endothelial cells,circulating endothelial cells
Circulating endothelial cells,circulating endothelial cells
Circulatory extracellular vesicles,Circulatory extracellular vesicles
circWDR33,circWDR33
CIRP,CIRP
Cisatracurium,Cisatracurium
citrullinated histone H3,citrullinated histone H3
citrulline,citrulline
C-Jun,C-Jun
CLASP2,CLASP2
Class IIA HDACs inhibition,Class IIA HDACs inhibition
clathrin-mediated endocytosis,clathrin-mediated endocytosis
claudin,claudins
Claudin-18,Claudin-18
Claudin5,claudin-5
Claudin-5,claudin-5
claudin-5,claudin-5
claudins,claudins
Clinical trial,Clinical trial
Clinical trials,Clinical trial
clodronate,clodronate
clopidogrel,clopidogrel
CLP,CLP
CLP sepsis,CLP sepsis
CO2-removal,CO2-removal
coagulation,coagulation
Coagulation,coagulation
coagulation endothelial cell,coagulation endothelial cell
coagulation/fibrinolysis,coagulation/fibrinolysis
coagulopathy,coagulopathy
co-culture,co-culture
cofilin-1,cofilin-1
co-inhibitory receptor,co-inhibitory receptor
collapse,collapse
Community-acquired pneumonia,Community-acquired pneumonia
compartmentalization,compartmentalization
compartmentalized cAMP,compartmentalized cAMP
complement,complement
Complement,complement
complement activation,complement activation
concentration-sensitive sodium channel,concentration-sensitive sodium channel
Connexin40,Connexin40
connexins,connexins
COPD,chronic obstructive pulmonary disease (COPD)
Cordyceps militaris (CM),Cordyceps militaris (CM)
coronavirus,coronavirus
coronavirus disease 2019,coronavirus
cortactin,cortactin
Cortactin,cortactin
cortical actin,cortical actin
CoV-2,CoV-2
COVID acute respiratory distress syndrome,COVID acute respiratory distress syndrome
COVID-19,COVID-19
COVID-19 complications,COVID-19 complications
COVID-19 disease,COVID-19 disease
COVID-19 murine model,COVID-19 murine model
COVID-19 pro-inflammatory cytokines,COVID-19 pro-inflammatory cytokines
Coxsackievirus A2,Coxsackievirus A2
CpG DNA,CpG DNA
cre/loxp,cre/loxp
Cre/Loxp technique,Cre/Loxp technique
critical care,critical care
Crocin,Crocin
crosstalk,crosstalk
c-Src,c-Src
C-terminal binding protein 2 (CTBP2),C-terminal binding protein 2 (CTBP2)
C-type natriuretic peptide,C-type natriuretic peptide
curcumin,curcumin
C-X3-C motif chemokine ligand 1,C-X3-C motif chemokine ligand 1
CX3CL1-CX3CR1 axis,CX3CL1-CX3CR1 axis
Cx40,Connexin40
CXC chemokines,CXC chemokines
cxcl3,cxcl3
CXCR2,CXCR2
CXCR3,CXCR3
cyclase,cyclase
Cyclic AMP,cAMP
cyclic stretch,cyclic stretch
CYP1B1,CYP1B1
cystic fibrosis,cystic fibrosis
Cytochrome P450,Cytochrome P450
cytokine,cytokines
Cytokine,cytokines
cytokine release syndrome,cytokine release syndrome
cytokine storm,cytokine storm
Cytokine storm,cytokine storm
Cytokines,cytokines
cytokines,cytokines
Cytoprotection,Cytoprotection
cytoskeletal dynamics,cytoskeletal dynamics
cytoskeletal rearrangement,cytoskeletal rearrangement
Cytoskeleton,cytoskeleton
cytoskeleton,cytoskeleton
DAD,DAD
Damage -associated molecular patterns,DAMPs
Damage-associated molecular patterns,DAMPs
DAMP,DAMPs
DAMPs,DAMPs
danger-associated molecular pattern,DAMPs
dauricine,dauricine
decursin,decursin
Decursinol angelate,Decursinol angelate
Dehydrozingerone,Dehydrozingerone
Desialylation,Desialylation
DEX,dexamethasone
dexamethasone,dexamethasone
Dexamethasone,dexamethasone
Dexamethasone delivery,Dexamethasone delivery
Dexamethasone nanoparticles,Dexamethasone nanoparticles
dexmedetomidine,dexmedetomidine
diagnosis,diagnosis
diannexin,diannexin
Differentiation,Differentiation
diffuse alveolar damage score,diffuse alveolar damage score
dimethylarginine dimethylaminohydrolase II,dimethylarginine dimethylaminohydrolase II
Diosmetin,Diosmetin
Dipeptidyl peptidase 4,dipeptidyl peptidase-4
dipeptidyl peptidase-4,dipeptidyl peptidase-4
Direct lung injury,Direct lung injury
disseminated intravascular coagulation (DIC),disseminated intravascular coagulation (DIC)
disseminated intravascular microthrombosis (DIT),disseminated intravascular microthrombosis (DIT)
DJ-1,DJ-1
DNA methylation,DNA methylation
DNA repair,DNA repair
Donor variability,Donor variability
DPP4,dipeptidyl peptidase-4
DPP4 inhibitor,DPP4 inhibitor
drug delivery,drug delivery
Drug delivery,drug delivery
drug targeting,drug targeting
Dual-Specificity Phosphatases,Dual-Specificity Phosphatases
DUSP4,DUSP4
dysfunction,dysfunction
eCIRP,eCIRP
ECIS,ECIS
edaravone,edaravone
Edema,Edema
edema,edema
EGFR,EGFR
Elastance,Elastance
Elastase,Elastase
electric cell-substrate impedance sensing,electric cell-substrate impedance sensing
electron microscopy,electron microscopy
ELISA,ELISA
ELK3,ELK3
embryonic development,embryonic development
emphysema,emphysema
Endocan,Endocan
endocytosis,endocytosis
endoglin (Eng),endoglin (Eng)
EndoMT,EndoMT
endoplasmic reticulum-plasma membrane junctions,endoplasmic reticulum-plasma membrane junctions
endosome,endosome
endothelial,endothelial
Endothelial,endothelial
endothelial activation,endothelial activation
endothelial adhesion molecules,endothelial adhesion molecules
endothelial Barrier,endothelial barrier
endothelial barrier,endothelial barrier
Endothelial barrier,endothelial barrier
Endothelial barrier dysfunction,endothelial barrier dysfunction
endothelial barrier dysfunction,endothelial barrier dysfunction
Endothelial barrier function,endothelial barrier function
endothelial barrier function,endothelial barrier function
Endothelial Barrier function,endothelial barrier function
endothelial barrier regulation,endothelial barrier regulation
Endothelial barrier regulation,Endothelial barrier regulation
endothelial barrier restoration,endothelial barrier restoration
endothelial biology,endothelial biology
endothelial cell,endothelial cells (ECs)
Endothelial cell,endothelial cells (ECs)
Endothelial cell (EC),endothelial cells (ECs)
endothelial cell barrier,endothelial barrier
endothelial cell barrier dysfunction,endothelial barrier dysfunction
endothelial cell dysfunction,endothelial dysfunction
Endothelial cell inflammation,Endothelial cell inflammation
Endothelial cell injury,Endothelial damage
endothelial cells,endothelial cells (ECs)
Endothelial cells,endothelial cells (ECs)
endothelial cells (EC),endothelial cells (ECs)
endothelial cells (ECs),endothelial cells (ECs)
Endothelial cells-derived exosome,Endothelial cells-derived exosome
Endothelial damage,Endothelial damage
Endothelial dysfunction,endothelial dysfunction
endothelial dysfunction,endothelial dysfunction
Endothelial glycocalyx,endothelial glycocalyx (EG)
endothelial glycocalyx,endothelial glycocalyx (EG)
endothelial glycocalyx (EG),endothelial glycocalyx (EG)
endothelial growth response 2,endothelial growth response 2
endothelial hyperpermeability,endothelial hyperpermeability
Endothelial mesenchymal transition,Endothelial mesenchymal transition
endothelial microparticles,endothelial microparticles
endothelial niche,endothelial niche
endothelial nitric oxide synthase,eNOS
Endothelial nitric oxide synthase,eNOS
endothelial nitric oxide synthase uncoupling,endothelial nitric oxide synthase uncoupling
endothelial permeability,endothelial permeability
Endothelial permeability,endothelial permeability
Endothelial progenitor cells,endothelial progenitor cells
endothelial progenitor cells,endothelial progenitor cells
endothelial pyroptosis,endothelial pyroptosis
endothelial regeneration,endothelial regeneration
endothelial repair,endothelial repair
Endothelial targeting,Endothelial targeting
endothelial wound healing,endothelial wound healing
endothelial-barrier function,endothelial-barrier function
endothelialization,endothelialization
endothelial-to-mesenchymal transition,endothelial-to-mesenchymal transition
Endothelial-to-mesenchymal transition,endothelial-to-mesenchymal transition
endotheliitis,endotheliitis
Endotheliitis,endotheliitis
endotheliopathy,endotheliopathy
endotheliopathy-associated vascular microthrombotic disease (EA-VMTD),endotheliopathy-associated vascular microthrombotic disease (EA-VMTD)
endothelium,endothelium
Endothelium,endothelium
endothelium cells,endothelium cells
Endotoxemia,endotoxemia
endotoxemia,endotoxemia
endotoxic shock,endotoxic shock
Endotoxin,endotoxin
endotoxin,endotoxin
eNOS,eNOS
eNOS pathway,eNOS pathway
eNOS uncoupling,eNOS uncoupling
enrichment analysis,enrichment analysis
Enzymology,Enzymology
EOMA,EOMA
Epac,Epac
Epac1,Epac1
EPCR,EPCR
epigenetic modifiers,epigenetic modifiers
epigenetics,epigenetics
epithelial cell,epithelial cell
Epithelial sodium channel,epithelial sodium channel
epithelial sodium channel,epithelial sodium channel
epithelial-endothelial barrier,epithelial-endothelial barrier
epithelial-mesenchymal transition (EMT),epithelial-mesenchymal transition (EMT)
epithelium,epithelium
ER stress,ERS
ERK,ERK
ERK1/2,ERK1/2
ERKs,ERK
ERM,ERM
ERR alpha,ERR alpha
ERS,ERS
erythropoietin,erythropoietin
E-selectin,E-selectin
E-selectin-binding peptide,E-selectin-binding peptides
E-selectin-binding peptides,E-selectin-binding peptides
eukaryotic elongation factor 2,eukaryotic elongation factor 2
evans blue,evans blue
ex vivo ventilation perfusion,ex vivo ventilation perfusion
EX527,EX527
exchange factor directly activated by cyclic adenosine monophosphate,exchange factor directly activated by cyclic adenosine monophosphate
exercise immunology,exercise immunology
exocytosis,exocytosis
exosome,exosomes
Exosome,exosomes
exosomes,exosomes
Exosomes,exosomes
eXpress Permeability Test (XPerT),eXpress Permeability Test (XPerT)
expression profile,expression profile
EXT-1,EXT-1
Extracellular histones,extracellular histones
extracellular histones,extracellular histones
extracellular matrix,extracellular matrix
extracellular signal-regulated kinase,ERK
extracellular vesicle,extracellular vesicles (EVs)
extracellular vesicles,extracellular vesicles (EVs)
extracellular vesicles (EVs),extracellular vesicles (EVs)
Extracellular vesicles (EVs),extracellular vesicles (EVs)
extracellular-regulated kinase,ERK
extravasated platelet aggregation (EPA),extravasated platelet aggregation (EPA)
Ezrin,Ezrin
Ezrin protein,Ezrin
Ezrin/radixin/moesin,ERM
F-actin,F-actin
Factor associated suicide,Factor associated suicide
factor Xa,factor Xa
FAK,Focal adhesion kinase (FAK)
Fas,Fas
Fas ligand,Fas ligand
Fasudil,fasudil
fasudil,fasudil
fat embolism syndrome,fat embolism syndrome
Fatty acid synthase,Fatty acid synthase
febrile-range hyperthermia,febrile-range hyperthermia
ferroptosis,ferroptosis
Ferroptosis,ferroptosis
Ferulic acid,Ferulic acid
FGF2,FGF2
FGF5,FGF5
FGFR1,FGFR1
Fibrin,fibrin
fibrin,fibrin
fibrinogen,fibrinogen
fibrinolysis,fibrinolysis
fibroblasts,fibroblasts
fibrosis,fibrosis
FK-866,FK-866
flash photolysis,flash photolysis
flavin-containing monooxygenase,flavin-containing monooxygenase
flow cytometry,flow cytometry
Flow cytometry,flow cytometry
flowmotion,flowmotion
Fluids,Fluids
focal adhesion,focal adhesion
focal adhesion complexes,focal adhesion complexes
focal adhesion kinase,Focal adhesion kinase (FAK)
Focal adhesion kinase (FAK),Focal adhesion kinase (FAK)
follistatin-like protein 1,follistatin-like protein 1
foot,foot
forkhead box O1 (FOXO1),forkhead transcription factor O1
forkhead transcription factor O1,forkhead transcription factor O1
FOXF1,FOXF1
FoxM1,FoxM1
FoxO,FoxO
Free radicals,Free radicals
FTY720,FTY720
FTY720 S-phosphonate,FTY720 S-phosphonate
functional genomics,functional genomics
fusion to endothelium,fusion to endothelium
G protein-couple receptors,G protein-couple receptors
G(+)-toxins,G(+)-toxins
G2A receptor,G2A receptor
GAB1,GAB1
Gadolinium chloride,Gadolinium chloride
Galectin,Galectin
Gap junction,gap junctions
gap junctions,gap junctions
gasdermin D (GSDMD),gasdermin D (GSDMD)
Gastric acid aspiration,Gastric acid aspiration
GEF-H1,GEF-H1
gene delivery,gene delivery
Gene therapy,gene therapy
gene therapy,gene therapy
genistein-3 '-sodium sulphonate,genistein-3 '-sodium sulphonate
Ghrelin,Ghrelin
Ginsenoside Rb1,Ginsenoside Rb1
glucocorticoids,glucocorticoids
glucose metabolism,glucose metabolism
glycocalyx,endothelial glycocalyx (EG)
Glycocalyx,endothelial glycocalyx (EG)
Glycocalyx damage,Glycocalyx damage
Glycolysis,Glycolysis
gp91phox-/-,gp91phox-/-
GPIIb/IIIa antagonists,GPIIb/IIIa antagonists
G-protein coupled receptor,G-protein coupled receptor
GPX4,GPX4
group V soluble phospholipase A(2) inflammation,group V soluble phospholipase A(2) inflammation
Growth arrest-specific gene 6 (Gas6),Growth arrest-specific gene 6 (Gas6)
Growth hormone-releasing hormone,Growth hormone-releasing hormone
GSK2798745,GSK2798745
GSK-3beta,GSK-3beta
GSTpi,GSTpi
GTPase,GTPase
guanine nucleotide exchange factors,guanine nucleotide exchange factors
gVPLA(2),gVPLA(2)
gypenosides,gypenosides
H+ exchanger,H+ exchanger
H2AX,H2AX
haloperidol,haloperidol
hand,hand
hantavirus,hantavirus
HCl,HCl
HDAC5,HDAC5
HDAC6,histone deacetylase 6
HDL dysfunction,HDL dysfunction
Heart,Heart
heat shock protein,heat shock protein
heat shock protein 27,heat shock protein 27
Heat shock protein A12B,Heat shock protein A12B
heat stress,heat stress
Heat stress,heat stress
heatstroke,heatstroke
Hedgehog signal pathway,Hedgehog signal pathway
heme,heme
heme oxygenase-1,HO-1
Heme oxygenase-1,HO-1
Heme Oxygenase-1 (HO-1),HO-1
hemin,hemin
hemocompatibility,hemocompatibility
hemoglobin,hemoglobin
hemopexin,hemopexin
hemorrhage,hemorrhage
hemorrhagic shock,hemorrhagic shock
Hemorrhagic shock,hemorrhagic shock
hemostatic disorder,hemostatic disorder
heparanase,heparanase
Heparanase,heparanase
Heparanase (HPA),heparanase
heparin,heparin
Heparin,heparin
heparinase,heparanase
heparin-binding protein (HBP),heparin-binding protein (HBP)
Hepatic growth factor,Hepatic growth factor
Hepatocyte growth factor,hepatocyte growth factor (HGF)
hepatocyte growth factor,hepatocyte growth factor (HGF)
hepatocyte growth factor (HGF),hepatocyte growth factor (HGF)
heterogeneity,heterogeneity
heterogeneous nuclear ribonucleoprotein A1,heterogeneous nuclear ribonucleoprotein A1
HIF1 alpha,HIF1 alpha
HIF-1 alpha,HIF1 alpha
HIF1A,HIF1 alpha
high mobility group 1,HMGB1
High mobility group box 1,HMGB1
high mobility group box 1,HMGB1
High mobility group box protein 1,HMGB1
high mobility group box-1,HMGB1
high throughput satellite,high throughput satellite
hirudin,hirudin
Hirudin,hirudin
histone acetylation,histone acetylation
histone deacetylase,histone deacetylase
histone deacetylase 6,histone deacetylase 6
histone deacetylase 6 (HDAC6),histone deacetylase 6
histone deacetylase inhibitors,histone deacetylase inhibitors
histone deacetylases,histone deacetylase
Histones,histones
histones,histones
HLA,HLA
HLA class I,HLA class I
HMGB1,HMGB1
HMGB1/TLR-4,HMGB1/TLR-4
HMVEC,Human microvascular endothelial cells (HMEC)
HMVECs,Human microvascular endothelial cells (HMEC)
HNA,HNA
HO-1,HO-1
host defense peptides,host defense peptide
HOXB4,HOXB4
HPA,heparanase
hpaec,human pulmonary microvascular endothelial cells (HPMECs)
HPMEC,human pulmonary microvascular endothelial cells (HPMECs)
HPMECs,human pulmonary microvascular endothelial cells (HPMECs)
HPMEC-ST1.6R,HPMEC-ST1.6R
HPMVEC,human pulmonary microvascular endothelial cells (HPMECs)
HSF1,HSF1
Hsp27,Hsp27
Hsp70,Hsp70
HSP90 inhibition,HSP90 inhibition
HSPA12A,HSPA12A
HSPA12B,HSPA12B
HTS,HTS
human,human
Human leukocyte antigen-A2,Human leukocyte antigen-A2
Human lung,Human lung
Human lung epithelial cell,Human lung epithelial cell
human lung microvascular endothelial cell,human lung microvascular endothelial cell
Human lung microvascular endothelial cell,human lung microvascular endothelial cell
Human lung microvascular endothelial cells,human lung microvascular endothelial cell
Human microvascular endothelial cells (HMEC),Human microvascular endothelial cells (HMEC)
human neutrophil antigens,HNA
Human pulmonary microvascular,Human pulmonary microvascular
Human pulmonary microvascular endothelial,Human pulmonary microvascular endothelial
human pulmonary microvascular endothelial cell,human pulmonary microvascular endothelial cells (HPMECs)
Human pulmonary microvascular endothelial cell,human pulmonary microvascular endothelial cells (HPMECs)
human pulmonary microvascular endothelial cells,human pulmonary microvascular endothelial cells (HPMECs)
Human pulmonary microvascular endothelial cells,human pulmonary microvascular endothelial cells (HPMECs)
human pulmonary microvascular endothelial cells (HPMECs),human pulmonary microvascular endothelial cells (HPMECs)
human tissue factor pathway inhibitor (hTFPI),human tissue factor pathway inhibitor (hTFPI)
human toxicology,human toxicology
human umbilical cord mesenchymal stem cell,human umbilical cord mesenchymal stem cell
HuR,HuR
HUVEC,HUVEC
HUVECs,HUVEC
Hyaline membranes,Hyaline membranes
Hyaluronan,Hyaluronan
Hyaluronic,Hyaluronic
hydrochloric acid,hydrochloric acid
hydrogen peroxide,hydrogen peroxide
Hydrogen sulfide,hydrogen sulfide
hydrogen sulfide,hydrogen sulfide
Hydrogen-rich medium,Hydrogen-rich medium
Hydrolyzing angiotensin II (AngII),Hydrolyzing angiotensin II (AngII)
hypercapnia,hypercapnia
hypercapnic acidosis,hypercapnic acidosis
Hypercoagulopathy,Hypercoagulopathy
hyperinflation,hyperinflation
hyperoxia,hyperoxia
Hyperoxia,hyperoxia
hyperoxia induced acute lung injury,hyperoxia induced acute lung injury
hyperoxic acute lung injury,hyperoxia induced acute lung injury
hyperpermeability,hyperpermeability
Hyper-permeability,hyperpermeability
hyperthermia,hyperthermia
hypertonic saline,hypertonic saline
hypoxemia,hypoxemia
hypoxia,hypoxia
Hypoxia inducible factor-1 alpha,HIF1 alpha
hypoxia-inducible factor,HIF
hypoxia-inducible factor 1 alpha,HIF1 alpha
hypoxic pulmonary vasoconstriction,hypoxic pulmonary vasoconstriction
ICAM1,ICAM-1
ICAM-1,ICAM-1
IFN gamma,IFN gamma
IFN regulatory factor 1,IFN regulatory factor 1
IGFBP7,IGFBP7
IL-10,interleukin-10
IL-6,interleukin-6
IL-8,interleukin-8
image cytometry,image cytometry
Imatinib,imatinib
imatinib,imatinib
immune complex,immune complex
Immune response,immune response
immune response,immune response
Immunity,Immunity
Immunoassay,Immunoassay
immunohistochemistry,immunohistochemistry
Immunology and Microbiology Section,Immunology and Microbiology Section
Immunomodulation,Immunomodulation
immunopositive cells,immunopositive cell
Immunothrombosis,immunothrombosis
immunothrombosis,immunothrombosis
In silico study,In silico study
in vitro disease modeling,in vitro disease modeling
in vivo lung perfusion,in vivo lung perfusion
inactive rhomboid-like protein 2,inactive rhomboid-like protein 2
Indinavir,Indinavir
indirect acute lung injury,indirect acute lung injury
indirect ARDS,indirect ARDS
Indirect lung injury,Indirect lung injury
Induced pluripotent stem cell,induced pluripotent stem cell
induced pluripotent stem cell,induced pluripotent stem cell
induced pluripotent stem cells,induced pluripotent stem cell
infection,infection
inflammasome,inflammasome
Inflammasome activation,Inflammasome activation
Inflammation,Inflammation
inflammation,inflammation
inflammatory,Inflammation
inflammatory cytokines,inflammatory cytokines
Inflammatory cytokines,inflammatory cytokines
inflammatory disease,inflammatory disease
inflammatory immune response,inflammatory immune response
Inflammatory injury,Inflammatory injury
inflammatory mediator,inflammatory mediator
Inflammatory regulation,Inflammatory regulation
inflammatory response,inflammatory response
Inflammatory response,inflammatory response
Inflammatory responses,inflammatory response
inflammatory signaling,inflammatory signaling
influenza,influenza
Influenza,influenza
Influenza virus,Influenza virus
inhalation,inhalation
inhalation toxicology/pulmonary toxicology,inhalation toxicology/pulmonary toxicology
injury,injury
innate immunity,innate immunity
Innate immunity,innate immunity
integrin,integrin
integrin ? M,integrin ? M
integrin alpha v beta 5,integrin alpha v beta 5
integrin beta 4,integrin beta 4
integrin? 2,integrin? 2
Integrins,integrins
integrins,integrins
intensive care,intensive care
Intensive care unit,Intensive care unit
interaction,interaction
Interaction,interaction
intercellular adhesion molecule-1,ICAM-1
intercellular communication networks,intercellular communication networks
interferon-gamma,interferon-gamma
interleukin-1 beta,interleukin-1 beta
Interleukin-17,Interleukin-17
interleukin-6,interleukin-6
interleukin-6 (IL-6),interleukin-6
interleukin-8,interleukin-8
intermedin (IMD),intermedin (IMD)
intersectin-1s,intersectin-1s
Intestinal barrier,Intestinal barrier
intestinal injury,intestinal injury
intestinal ischemia,intestinal ischemia
intracellular sphingosine-1-phosphate,intracellular sphingosine-1-phosphate
intravital microscopy,intravital microscopy
IQGAP1,IQGAP1
iron chelators,iron chelators
Iron complexes,Iron complexes
ischemia,ischemia
ischemia reperfusion injury,ischemia reperfusion injury
ischemia/reperfusion,ischemia/reperfusion
Ischemia/reperfusion,ischemia/reperfusion
Ischemia-reperfusion,ischemia/reperfusion
ischemia-reperfusion injury,ischemia reperfusion injury
ISM1,ISM1
isoflurane,isoflurane
isolated perfused lungs,isolated perfused lungs
Isoorientin,Isoorientin
Isopropyl 3-(3,Isopropyl 3-(3
ITGA5,ITGA5
JAK2,JAK2
JAK-STAT signaling pathway,JAK-STAT signaling pathway
Janus Kinase 2,JAK2
Janus kinase-2,JAK2
Jingfang granules,Jingfang granules
JNK,JNK
JNK phosphorylation,JNK phosphorylation
JNK signalling,JNK signalling
Junction protein,Junction protein
junctional complexes,junctional complexes
Kaempferol,Kaempferol
Kawasaki disease shock syndrome,Kawasaki disease shock syndrome
KCa3.1,KCa3.1
Keap1,Keap1
Kidney,Kidney
kinases,kinases
kindlin-2,kindlin-2
Kir2.1,Kir2.1
KLF7,KLF7
KRIT1,KRIT1
Kruppel-like factor 2,KLF2
laboratory animals,laboratory animals
lamellipodia,lamellipodia
large conductance K+ channels,large conductance K+ channels
large conductance potassium channels,large conductance potassium channels
LBP,LBP
LDHA,LDHA
Lentiviral vector,Lentiviral vector
leukocyte adhesion,leukocyte adhesion
leukocyte antibodies,leukocyte antibodies
leukocytes,leukocytes
LIF,LIF
Linagliptin,Linagliptin
LINC00839,LINC00839
lipid mediator,lipid mediator
lipid signaling,lipid signaling
Lipids,Lipids
lipocalin-type prostaglandin D synthase,lipocalin-type prostaglandin D synthase
lipopolysaccharide,LPS
Lipopolysaccharide,LPS
lipopolysaccharide (LPS),LPS
Lipopolysaccharide (LPS),LPS
lipopolysaccharide-induced lung injury,lipopolysaccharide-induced lung injury
Lipopolysaccharides,LPS
lipopolysaccharides,LPS
Lipopolysaccharides (LPS),LPS
lipoprotein,lipoprotein
liposome,liposome
Liposomes,liposome
lipoxin A4,lipoxin A4
Lipoxin A4,lipoxin A4
LipoxinA4,lipoxin A4
lipoxins,lipoxins
lncRNA,lncRNA
LncRNA H19,LncRNA H19
LncRNA MALAT1,LncRNA MALAT1
lncRNA NORAD,lncRNA NORAD
lncRNA OIP5-AS1,lncRNA OIP5-AS1
lncRNA THRIL,lncRNA THRIL
Local anesthetics,Local anesthetics
long myosin light chain kinase,long myosin light chain kinase
Long non-coding RNA cardiac hypertrophy-related factor (lncRNA CHRF),Long non-coding RNA cardiac hypertrophy-related factor (lncRNA CHRF)
LPS,LPS
LPS-induced acute lung injury,LPS-induced acute lung injury
LRR- and pyrin domain-containing protein 3 inflammasome,LRR- and pyrin domain-containing protein 3 inflammasome
LTB4 receptors,LTB4 receptors
L-type voltage-gated Ca2+ channels,L-type voltage-gated Ca2+ channels
Lung,lung
lung,lung
lung adenocarcinoma transcript 1,lung adenocarcinoma transcript 1
lung barrier function,lung barrier function
Lung cancer,lung cancer
lung cancer,lung cancer
lung capillaries,lung capillaries
Lung development,Lung development
lung disease,lung disease
Lung disease,lung disease
Lung edema,lung edema
lung edema,lung edema
lung endothelial cells,lung endothelial cells
lung endothelial permeability,lung endothelial permeability
lung endothelium,lung endothelium
lung epithelial cells,lung epithelial cells
Lung fibrosis,Lung fibrosis
lung function,lung function
Lung function,lung function
Lung imaging,Lung imaging
lung inflammation,lung inflammation
Lung inflammation,lung inflammation
lung inflammatory injury,lung inflammatory injury
Lung injury,lung injury
lung injury,lung injury
Lung Injury,lung injury
lung ischemia reperfusion injury,lung ischemia reperfusion injury
lung ischemia-reperfusion,lung ischemia-reperfusion
Lung mechanics,Lung mechanics
lung microvascular endothelial cells,lung microvascular endothelial cells
Lung microvascular endothelial cells,lung microvascular endothelial cells
lung oedema,lung oedema
lung permeability,lung permeability
Lung protein permeability,Lung protein permeability
Lung recovery,Lung recovery
lung resection,lung resection
lung targeting,lung targeting
Lung targeting,lung targeting
lung transplant,lung transplantation
lung transplantation,lung transplantation
lung vascular endothelium,lung vascular endothelium
lung vascular injury,lung vascular injury
Lung vascular permeability,lung vascular permeability
lung vascular permeability,lung vascular permeability
Luteolin,Luteolin
Lycium barbarum polysaccharide,Lycium barbarum polysaccharide
lysophosphatidic acid,lysophosphatidic acid
lysophosphatidylcholine,lysophosphatidylcholine
lysophospholipid,lysophospholipid
Lysosome,Lysosome
M2 macrophages,M2 macrophages
macrophage,macrophage
Macrophage depletion,Macrophage depletion
macrophage polarization,macrophage polarization
Macrophages,macrophage
macrophages,macrophage
malaria,malaria
Malaria,malaria
MALAT1,MALAT1
mammalian TOR (mTOR)/signal transducer and activator of transcription 3 (STAT-3) pathway,mTOR/STAT3
MAP kinase,MAPK
MAP Kinase Signaling System,MAPK signaling pathways
MAP kinases,MAPK
MAPK,MAPK
MAPKinase,MAPK
mapks,MAPK
MAPKs,MAPK
margination,margination
Mas receptor,Mas receptor
mast cell activation,mast cell activation
matory responses,matory responses
Matrigel,Matrigel
matrix metalloproteinase,MMP
Matrix metalloproteinase 9,MMP9
MCP-1,MCP-1
MCTR1,MCTR1
mechanical forces,mechanical forces
mechanical stress,mechanical stress
Mechanical ventilation,mechanical ventilation
mechanical ventilation,mechanical ventilation
mechanism,mechanism
mechanisms,mechanism
Mechanisms,mechanism
melatonin,melatonin
Membrane dynamics,Membrane dynamics
meningitis,meningitis
MERS-CoV,MERS-CoV
Mesenchymal stem cell,mesenchymal stem cell
mesenchymal stem cell,mesenchymal stem cell
mesenchymal stem cell (MSC),mesenchymal stem cell
mesenchymal stem cells,mesenchymal stem cell
Mesenchymal stem cells,mesenchymal stem cell
Mesenchymal Stem Cells (MSCs),mesenchymal stem cell
Mesenchymal stem cells (MSCs),mesenchymal stem cell
Mesenchymal stem cells microvesicles,Mesenchymal stem cells microvesicles
mesenchymal stem/stromal cells,mesenchymal stem cell
mesenchymal stromal cells,mesenchymal stem cell
mesenteric lymph,mesenteric lymph
metabolic syndrome,metabolic syndrome
metabolism,metabolism
Metabolism,metabolism
metalloproteinase,metalloproteinase
Metastasis-associated lung adenocarcinoma transcript-1,MALAT1
metformin,metformin
methylation,methylation
methylprednisolone,methylprednisolone
Mg supplementation,Mg supplementation
MG53,MG53
mice.,mouse
microcirculation,microcirculation
microfluidics,microfluidics
microparticles,microparticles
MicroRNA,miRNA
microRNA,miRNA
MicroRNA-125b-5p,MicroRNA-125b-5p
microRNA-150-5p,microRNA-150-5p
microRNA-374a-5p,microRNA-374a-5p
microRNA-877-5p,microRNA-877-5p
microRNA-92a,miR-92a
microRNAs,miRNA
micro-RNAs,miRNA
microsphere,microsphere
microthrombogenesis,microthrombogenesis
Microtubule,microtubule
microtubule,microtubule
microtubules,microtubule
Microtubules,microtubule
microvascular barrier,microvascular barrier
microvascular endothelial cells,microvascular endothelial cells
Microvascular endothelium,Microvascular endothelium
Microvascular permeability,microvascular permeability
microvascular permeability,microvascular permeability
microvasculature,microvasculature
microvesicle,microvesicle
Microvesicles,microvesicle
Midkine,Midkine
MIF,MIF
migration,migration
Migration,migration
mineralocorticoid receptor,mineralocorticoid receptor
miR-101,miR-101
miR-107,miR-107
miR-122-5p,miR-122-5p
miR-124,miR-124
miR-126,miR-126
miR-128-3p,miR-128-3p
miR-1321,miR-1321
MiR-142a-5p,MiR-142a-5p
miR-144,miR-144
miR-150,miR-150
miR-17,miR-17
miR-186-5p,miR-186-5p
miR-199,miR-199
miR-204-3p,miR-204-3p
miR-217-5p,miR-217-5p
miR-223,miR-223
miR-29a,miR-29a
miR-29b-3p,miR-29b-3p
miR-30c-5p,miR-30c-5p
MIR3142HG,MIR3142HG
miR-3188,miR-3188
miR-33 and RIP140,miR-33 and RIP140
miR-330-5p,miR-330-5p
miR-34a,miR-34a
MiR-4262,MiR-4262
miR-450b-5p,miR-450b-5p
miR-483-5p,miR-483-5p
miR-490,miR-490
miR-642a-5p,miR-642a-5p
miR-92a,miR-92a
miRNA,miRNA
miRNA-181a-5p,miRNA-181a-5p
miRNA-21a-3p,miRNA-21a-3p
miRNA-451,miRNA-451
Mitochondria,mitochondria
mitochondria,mitochondria
mitochondrial aldehyde dehydrogenase 2,mitochondrial aldehyde dehydrogenase 2
Mitochondrial bioenergetics,Mitochondrial bioenergetics
Mitochondrial biogenesis,Mitochondrial biogenesis
Mitochondrial DNA,Mitochondrial DNA
mitochondrial dysfunction,mitochondrial dysfunction
mitochondrial fission/fusion,mitochondrial fission/fusion
mitochondrial respiration,mitochondrial respiration
Mitochondrial ROS,Mitochondrial ROS
mitochondrial ROS,mitochondrial ROS
mitochondrial targeting,mitochondrial targeting
Mitochondrial transcription factor A,Mitochondrial transcription factor A
Mitochondrial transfer,Mitochondrial transfer
mitochondrial transfer,mitochondrial transfer
mitochondrial transmembrane potential,mitochondrial transmembrane potential
Mitochondrial UPR,Mitochondrial UPR
mitochondrial-mediated apoptosis,mitochondrial-mediated apoptosis
mitogen-activated protein kinase,MAPK
Mitogen-activated protein kinase signaling pathways,MAPK signaling pathways
mitogen-activated protein kinases,MAPK
mitogen-activated protein kinases (MAPKs),MAPK
mitophagy,mitophagy
MitoQ,MitoQ
MJ33,MJ33
MK2,MK2
MK571,MK571
MLCK,MLCK
MLKL,MLKL
MMP inhibitor,MMP inhibitor
MMP1,MMP1
MMP3,MMP3
MMP9,MMP9
MMP-9,MMP9
molecular biology,molecular biology
molecular mechanism,molecular mechanism
Molecular pathology,Molecular pathology
monocyte,monocyte
Monocyte adhesion,Monocyte adhesion
Monocytes,monocyte
morphology,morphology
morphometry,morphometry
mouse,mouse
MPO,MPO
MPVEC cells,MPVECs
MPVECs,MPVECs
MRP4,MRP4
MRSA,MRSA
mtDNA repair,mtDNA repair
mTOR,mTOR
multi-organ dysfunction syndrome (MODS),multi-organ dysfunction syndrome (MODS)
multiple organ failure,multiple organ failure
Murine model,Murine model
murine models,murine model
mutant Prdx6,mutant Prdx6
MyD88,MyD88
MyD88 acetylation,MyD88 acetylation
myeloperoxidase,MPO
MYLK,MYLK
myosin,myosin
myosin light chain kinase (MLCK),MLCK
Na+,Na+
NAD(+),NAD(+)
NAD(P)H: quinine oxidoreductase-1,NAD(P)H: quinine oxidoreductase-1
NADPH oxidase,NOX
NADPH oxidase (NOX),NOX
NADPH oxidase isoform 2 (NOX2),NOX2
nanocarrier,nanocarrier
nanomedicine,nanomedicine
Nanomedicine,nanomedicine
Nanoparticles,nanoparticles
nanoparticles,nanoparticles
nanostructured lipid carriers,nanostructured lipid carrier
nanotechnology,nanotechnology
natriuretic peptides,natriuretic peptide
NcRNAs,non-coding RNA
necroptosis,necroptosis
Necroptosis,necroptosis
necrosis,necrosis
neferine,neferine
NE-kappa B,NE-kappa B
neonatal pulmonary disease,neonatal pulmonary disease
neovascularization,neovascularization
Neovascularization,neovascularization
NETosis,NETosis
NETs,neutrophil extracellular traps
network formation,network formation
Neuraminidase,Neuraminidase
neutrophil,neutrophil
Neutrophil,neutrophil
neutrophil adhesion,neutrophil adhesion
Neutrophil adhesion,neutrophil adhesion
neutrophil extracellular trap (NET),neutrophil extracellular traps
neutrophil extracellular traps,neutrophil extracellular traps
neutrophil migration,neutrophil migration
neutrophil recruitment,neutrophil recruitment
neutrophil transendothelial migration,neutrophil transendothelial migration
neutrophil-derived mediators,neutrophil-derived mediators
Neutrophil-endothelium adhesion,Neutrophil-endothelium adhesion
Neutrophils,neutrophils
neutrophils,neutrophils
new anti-CitH3 antibody,new anti-CitH3 antibody
NF kappa B Signaling,NF-kappa B pathway
NF-?B,NF-kappa B
NF-?B signaling pathway,NF-kappa B pathway
NF-kappa B,NF-kappa B
NF-kappa b,NF-kappa B
NF-kappa B p65,NF-kappa B p65
NF-kappa B P65,NF-kappa B p65
NF-kappa B pathway,NF-kappa B pathway
NF-KB,NF-kappa B
NF-KB activation,NF-KB activation
NF-KB pathway,NF-kappa B pathway
niacinamide,niacinamide
Nicotinamide adenine dinucleotide phosphate oxidase 4,Nicotinamide adenine dinucleotide phosphate oxidase 4
nicotinamide phosphoribosyltransferase,nicotinamide phosphoribosyltransferase
Nifedipine,Nifedipine
Nitration,nitration
nitration,nitration
nitrative stress,nitrative stress
nitric oxide,NO
Nitric oxide,NO
Nitric oxide (NO),NO
nitric oxide synthase,nitric oxide synthase
nitric oxide synthase 2,nitric oxide synthase 2
Nitrite,Nitrite
nitrogen mustard,nitrogen mustard
NLRP3,NLRP3
NLRP3 inflammasome,NLRP3 inflammasome
NMDA receptor,NMDA receptor
NO,NO
NOD-,NOD-
noncanonical TERT,noncanonical TERT
non-coding RNA,non-coding RNA
non-human primate,non-human primate
Non-muscle myosin heavy chain IIA,Non-muscle myosin heavy chain IIA
Non-muscle myosin IIA,Non-muscle myosin IIA
Non-muscle myosin light chain kinase,Non-muscle myosin light chain kinase
non-selective cation channel,non-selective cation channel
nonviral vector,nonviral vector
Notch pathway,Notch pathway
novel coronavirus diseases (or COVID-19),COVID-19
NOX enzymes,NOX
NOX1,NOX1
NOX2,NOX2
NOX2 inhibition,NOX2 inhibition
Nox4,NOX4
NOX4,NOX4
Nrf(2),Nrf2
Nrf2,Nrf2
NRF2,Nrf2
NS1619,NS1619
nuclear factor (NF)-kB p65,NF-kappa B p65
nuclear factor erythroid 2-related factor 2,Nrf2
Nuclear factor -kappa B (NF,NF-kappa B
Nuclear factor-kappa B,NF-kappa B
nuclear factor-kappa B,NF-kappa B
nuclear factor-kappa B (NF-kappa B),NF-kappa B
nuclear factor-kappa B pathway,NF-kappa B pathway
nuclear factor-kappaB,NF-kappa B
nuclear translocation,nuclear translocation
nucleocapsid,nucleocapsid
Nur77,Nur77
Obesity,obesity
obesity,obesity
Occludin,Occludin
ODSH,ODSH
oedema,oedema
Ogg1 depletion,Ogg1 depletion
Omentin-1,Omentin-1
or acute respiratory distress syndrome,ARDS
Orai 1,Orai 1
Organ injury,Organ injury
Organ interaction,Organ interaction
organ protection,organ protection
Oridonin,oridonin
oridonin,oridonin
osteopontin,osteopontin
Outcome,Outcome
oxidant injury,oxidant injury
oxidant stress,oxidative stress
oxidation,oxidation
oxidative burst,oxidative burst
Oxidative damage,Oxidative damage
Oxidative Stress,oxidative stress
Oxidative stress,oxidative stress
oxidative stress,oxidative stress
Oxidized low-density lipoprotein,Oxidized low-density lipoprotein
oxidized phospholipids,oxidized phospholipids
OxPAPC,OxPAPC
oxygen oscillations,oxygen oscillations
oxygen-glucose deprivation/oxygen-glucose restoration,oxygen-glucose deprivation/oxygen-glucose restoration
P aeruginosa,Pseudomonas aeruginosa
P- selectin,P- selectin
p190RhoGAP,p190RhoGAP
p22phox,p22phox
p23,p23
P2Y12 inhibitors,p2y12 inhibitor
P2Y12 receptor,P2Y12 receptor
p38,p38 MAPK
P38,p38 MAPK
p38 MAP kinase,p38 MAPK
p38 MAPK,p38 MAPK
p38 MAPK signaling pathway,p38 MAPK signaling pathway
p38 mitogen-activated protein kinase,p38 MAPK
P38MAPK,p38 MAPK
p38MAPK,p38 MAPK
p47phox,p47phox
P53,P53
p53 induction,p53 induction
P53 pathway,P53 pathway
P73,P73
PAI-1,plasminogen activator inhibitor 1
PAK1/AKT pathway,PAK1/AKT pathway
PAMPs,Pathogen-associated molecular patterns (PAMPs)
PAR,PAR
paracellular permeability,paracellular permeability
Paracrine,Paracrine
Paracrine effects,Paracrine effects
Paraquat,Paraquat
paraquat,paraquat
PARK7,PARK7
parthanatos,parthanatos
Particulate matter,Particulate matter
pathobiology,pathobiology
Pathogen-associated molecular patterns (PAMPs),Pathogen-associated molecular patterns (PAMPs)
pathology,pathology
Pathology Section,Pathology Section
Pathophysiologic feature,Pathophysiologic feature
pathophysiology,pathophysiology
pathway analysis,pathway analysis
paxillin,paxillin
PBEF/NAMPT,PBEF/NAMPT
p-Catenin,p-Catenin
p-Coumaric acid,p-Coumaric acid
PCTR1,PCTR1
PDE4B,PDE4B
PEAR1,PEAR1
PECAM-1,PECAM-1
pediatrics,pediatrics
PEEP,PEEP
PEL12,PEL12
Pentraxin 3,Pentraxin 3
perivascular edema,perivascular edema
Permeability,permeability
permeability,permeability
Permeability barrier,Permeability barrier
Peroxisome proliferator-activated receptor gamma,Peroxisome proliferator-activated receptor gamma
PFKFB3,PFKFB3
PGC-1 alpha mitochondria biogenesis,PGC-1 alpha mitochondria biogenesis
Pharmacokinetics,Pharmacokinetics
phorbol myristate,phorbol myristate
phosphatidic acid signaling,phosphatidic acid signaling
phosphatidylinositol 3-kinase,PI3K
phosphodiesterase,phosphodiesterase
phosphodiesterase inhibitor,phosphodiesterase inhibitor
Phospholipase D2,Phospholipase D2
phospholipase D2 (PLD2),Phospholipase D2
phospholipid scramblase 4 (PLSCR4),phospholipid scramblase 4 (PLSCR4)
phospholipidomics,phospholipidomics
phospholipids,phospholipids
phosphorylation,phosphorylation
phosphotyrosine signaling,phosphotyrosine signaling
Phytochemicals,Phytochemicals
PI3K,PI3K
PI3K p110 alpha,PI3K p110 alpha
PI3K/Akt,PI3K/Akt
PI3K/Akt pathway,PI3K/Akt
PI3K/Akt signaling pathway,PI3K/Akt
PI3K/Akt/eNOS,PI3K/Akt/eNOS
PI3K/AKT/mTOR pathway,PI3K/AKT/mTOR pathway
PIAS1,PIAS1
Piezo1,Piezo1
PIM,PIM
PIM1,PIM1
PI-PLC,PI-PLC
PKA,PKA
PKC alpha,PKC alpha
PKC inhibitor,PKC inhibitor
PKC pathway,PKC pathway
PLA(2)G5,PLA(2)G5
Plasma,Plasma
plasma,plasma
plasminogen activator inhibitor 1,plasminogen activator inhibitor 1
plasminogen activator inhibitor-1,plasminogen activator inhibitor 1
Plasmodium,Plasmodium
platelet,platelet
Platelet activating factor,Platelet activating factor
platelet-endothelial cell adhesion molecule,platelet-endothelial cell adhesion molecule
Platelets,platelet
platelets,platelet
plexin C1,plexin C1
PMN,PMN
PMN extravasation,PMN extravasation
PMVEC,pulmonary microvascular endothelial cell
PMVECs,pulmonary microvascular endothelial cell
pneumococcal pneumonia,pneumococcal pneumonia
Pneumococcal pneumonia,pneumococcal pneumonia
Pneumocytes,Pneumocytes
Pneumolysin,pneumolysin
pneumolysin,pneumolysin
pneumonia,pneumonia
Pneumonia,pneumonia
poisoning,poisoning
polymer micelles,polymer micelles
polymorphism,polymorphism
polymorphonuclear neutrophil,polymorphonuclear neutrophil
Polymorphonuclear neutrophils,polymorphonuclear neutrophil
Polyphyllin I,Polyphyllin I
porcine reproductive and respiratory syndrome virus (PRRSV),porcine reproductive and respiratory syndrome virus (PRRSV)
porous silicon,porous silicon
Post ARDS pulmonary fibrosis,Post ARDS pulmonary fibrosis
Postoperative period,Postoperative period
posttranslational,posttranslational
Post-translational Modification,Post-translational Modification
Post-translational modifications,Post-translational Modification
PP2A,Thr protein phosphatase 2A
Pravastatin,Pravastatin
Prdx6 phosphorylation,Prdx6 phosphorylation
pre-B cell colony-enhancing factor,pre-B cell colony-enhancing factor
preconditioning,preconditioning
preterm neonates,preterm neonates
prevention,prevention
primary graft dysfunction,primary graft dysfunction
primary human lung cells,primary human lung cells
priming,priming
Pristimerin,Pristimerin
PRNCR1,PRNCR1
progenitor cells,progenitor cells
Prognosis,Prognosis
programmed cell death,programmed cell death
Pro-inflammatory factor,Pro-inflammatory factor
proinflammatory mediators,proinflammatory mediators
Proliferation,proliferation
proliferation,proliferation
promoter,promoter
promoter activity,promoter activity
propofol,propofol
prostaglandin F-2 alpha (PGF(2 alpha)),prostaglandin F-2 alpha (PGF(2 alpha))
prostanoid EP receptor,prostanoid EP receptor
Protective autophagy,Protective autophagy
protein C,protein C
Protein kinase C,protein kinase C
protein kinase C,protein kinase C
Protein kinase C-delta,Protein kinase C-delta
protein kinase G,protein kinase G
protein processing,protein processing
Protein Structure,Protein Structure
protein tyrosine phosphatase non-receptor type 14 (PTPN14),protein tyrosine phosphatase non-receptor type 14 (PTPN14)
proteome,proteome
proteomics,proteomics
P-selectin,P-selectin
Pseudomonas aeruginosa,Pseudomonas aeruginosa
PTEN,PTEN
PTP1B,PTP1B
PTX,PTX
pulmonary,pulmonary
Pulmonary,pulmonary
pulmonary angiogenesis,pulmonary angiogenesis
pulmonary arterial hypertension,pulmonary arterial hypertension
pulmonary artery,pulmonary artery
pulmonary artery endothelial cells,pulmonary artery endothelial cells
Pulmonary barrier dysfunction,Pulmonary barrier dysfunction
pulmonary biology,pulmonary biology
pulmonary capillary,pulmonary capillary
pulmonary capillary endothelial cells,pulmonary capillary endothelial cells
pulmonary capillary vessels,pulmonary capillary vessel
pulmonary circulation,pulmonary circulation
pulmonary disease,pulmonary disease
pulmonary EC,pulmonary endothelial cell
pulmonary edema,pulmonary edema
Pulmonary edema,pulmonary edema
pulmonary embolism,pulmonary embolism
pulmonary endothelial barrier,pulmonary endothelial barrier
Pulmonary endothelial barrier,pulmonary endothelial barrier
pulmonary endothelial cell,pulmonary endothelial cell
pulmonary endothelial cells,pulmonary endothelial cell
Pulmonary endothelial cells,pulmonary endothelial cell
Pulmonary endothelial permeability,pulmonary endothelial permeability
pulmonary endothelial permeability,pulmonary endothelial permeability
Pulmonary endothelium,pulmonary endothelium
pulmonary endothelium,pulmonary endothelium
Pulmonary epithelial cells,pulmonary epithelial cell
pulmonary fibrosis,pulmonary fibrosis
Pulmonary fibrosis,pulmonary fibrosis
pulmonary function,pulmonary function
pulmonary hypertension,pulmonary hypertension
Pulmonary hypertension,pulmonary hypertension
pulmonary hypoplasia,pulmonary hypoplasia
pulmonary inflammation,pulmonary inflammation
Pulmonary inflammation,pulmonary inflammation
pulmonary inflammatory disease,pulmonary inflammation
pulmonary injury,pulmonary injury
pulmonary microvascular endothelial cell,pulmonary microvascular endothelial cell
Pulmonary microvascular endothelial cell,pulmonary microvascular endothelial cell
pulmonary microvascular endothelial cells,pulmonary microvascular endothelial cell
Pulmonary microvascular endothelial cells,pulmonary microvascular endothelial cell
pulmonary microvascular endothelial cells (PMVECs),pulmonary microvascular endothelial cell
Pulmonary microvascular endothelial cells (PMVECs),pulmonary microvascular endothelial cell
Pulmonary microvascular endothelial permeability,Pulmonary microvascular endothelial permeability
pulmonary microvascular endothelium barrier,pulmonary microvascular endothelium barrier
Pulmonary microvascular injury and repair,Pulmonary microvascular injury and repair
Pulmonary microvascular permeability,Pulmonary microvascular permeability
pulmonary mierovascular endothelial cells,pulmonary microvascular endothelial cell
Pulmonary pathology,Pulmonary pathology
pulmonary sarcoidosis,pulmonary sarcoidosis
pulmonary smooth muscle,pulmonary smooth muscle
Pulmonary vascular barrier,Pulmonary vascular barrier
Pulmonary vascular endothelial cell,Pulmonary vascular endothelial cell
Pulmonary vascular endothelial cells,Pulmonary vascular endothelial cell
pulmonary vascular endothelium,pulmonary vascular endothelium
Pulmonary vascular endothelium-targeting,Pulmonary vascular endothelium-targeting
pulmonary vascular leak,pulmonary vascular leak
Pulmonary vascular permeability,Pulmonary vascular permeability
pulmonary vasculature,pulmonary vasculature
PV-1,PV-1
PWV Analysis,PWV Analysis
pyroptosis,pyroptosis
Pyroptosis,pyroptosis
qing yin tang,qing yin tang
qPCR,qPCR
RAAS,RAAS
Rab GTPase,Rab GTPase
RAB26 GTPase,RAB26 GTPase
rabeprazole,rabeprazole
Rac1,Rac1
Radiation lung injury,radiation-induced lung injury
radiation-induced lung injury,radiation-induced lung injury
radiosensitivity,radiosensitivity
RAGE,RAGE
Raltegravir,Raltegravir
Ramelteon,Ramelteon
Rap1,Rap1
rapamycin,rapamycin
ras-related C3 botulinum toxin substrate 1,Rac1
Rat,rat
rat,rat
RBC transfusion,RBC transfusion
RBM3,RBM3
reactive nitrogen species,reactive nitrogen species
Reactive oxygen species,ROS
reactive oxygen species,ROS
Reactive oxygen species (ROS),ROS
reactive oxygen species (ROS),ROS
reactive oxygen species (ROS) genera-,reactive oxygen species (ROS) genera-
receptor,receptor
Receptor interacting protein 140 (RIP140),Receptor interacting protein 140 (RIP140)
receptor subtype-specific mechanism,receptor subtype-specific mechanism
Receptor-interacting protein 3,RIP3
receptors,receptor
Recombinant Protein Expression,Recombinant Protein Expression
Recombinant PSGL-1-Ig fusion protein,Recombinant PSGL-1-Ig fusion protein
recruitment maneuvers,recruitment maneuvers
red blood cells,red blood cells
Redox Regulation,Redox Regulation
Redox-stress,Redox-stress
reduced albumin,reduced albumin
regeneration,regeneration
Regeneration,regeneration
regioisomer,regioisomer
regulatory T-cells,regulatory T-cells
remifentanil,remifentanil
Remodeling,Remodeling
Renal ischemia-reperfusion,Renal ischemia-reperfusion
renin-angiotensin system,renin-angiotensin system
Renin-angiotensin system (RAS),renin-angiotensin system
Repair,repair
repair,repair
reperfusion,reperfusion
resealing,resealing
respiratory disease,respiratory disease
respiratory distress syndrome,respiratory distress syndrome
respiratory distress syndrome (adult),"respiratory distress syndrome, adult"
"Respiratory distress syndrome, adult","respiratory distress syndrome, adult"
"Respiratory Distress Syndrome, Adult","respiratory distress syndrome, adult"
"respiratory distress syndrome, adult","respiratory distress syndrome, adult"
respiratory epithelium,respiratory epithelium
Respiratory infection,respiratory infection
respiratory infection,respiratory infection
respiratory mechanics,respiratory mechanics
respiratory system,respiratory system
Respiratory virus,Respiratory virus
Retinal arterioles,Retinal arterioles
Reverse D-4F,Reverse D-4F
review,review
Rhamnocitrin,Rhamnocitrin
rhAPC,rhAPC
Rho,Rho
Rho (Rho GTPase),Rho GTPases
Rho GTPases,Rho GTPases
Rho kinase,Rho-associated protein kinase
Rho kinase inhibitor,Rho kinase inhibitor
Rho/ROCK,Rho/ROCK
Rho/ROCK pathway,Rho/ROCK
RhoA,RhoA
RhoA/ROCK,RhoA/ROCK
RhoA/ROCK signaling pathway,RhoA/ROCK
rho-Associated Kinases,Rho-associated protein kinase
Rho-associated protein kinase,Rho-associated protein kinase
rhodopsin,rhodopsin
RhoGDI,RhoGDI
Rho-kinase,Rho-associated protein kinase
RIP3,RIP3
rivaroxaban,rivaroxaban
RNA interference,RNA interference
RNA-Seq,RNA-Seq
Robo4,Robo4
ROCK,ROCK
ROCK1,ROCK1
ROCK2,ROCK2
root extract,root extract
ROS,ROS
ROS accumulation,ROS accumulation
ROS signaling,ROS signaling
Rosiglitazone,Rosiglitazone
Runx1 isoforms,Runx1 isoforms
Ruscogenin,Ruscogenin
sACE2,sACE2
Salbutamol,Salbutamol
Saquinavir,Saquinavir
SARS virus,SARS-CoV-2
SARS-COV-2,SARS-CoV-2
SARS-CoV-2,SARS-CoV-2
sartans,sartans
SB203580,SB203580
sCD40L,sCD40L
seawater,seawater
secretion,secretion
secretory phospholipase A(2),secretory phospholipase A(2)
Segmental lipopolysaccharide (LPS) challenge,Segmental lipopolysaccharide (LPS) challenge
SELPLG promoter activity,SELPLG promoter activity
Sema3A,Sema3A
Semaglutide,Semaglutide
semaphorin 7A,semaphorin 7A
Semaphorin 7A,semaphorin 7A
senescence,senescence
Sepsis,sepsis
sepsis,sepsis
Sepsis-associated acute lung injury,sepsis-induced acute lung injury
Sepsis-induced acute lung injury,sepsis-induced acute lung injury
sepsis-induced acute lung injury,sepsis-induced acute lung injury
Sepsis-induced ALI,sepsis-induced acute lung injury
Septic acute lung injury,sepsis-induced acute lung injury
Ser,Ser
serine proteases,serine proteases
SERP1,SERP1
SET gene,SET gene
Severe acute pancreatitis,severe acute pancreatitis
severe acute pancreatitis,severe acute pancreatitis
Severe Acute Respiratory Syndrome,SARS
Sevoflurane,Sevoflurane
S-Glutathionylation of Src,S-Glutathionylation of Src
SH2 domain-containing protein tyrosine phosphatase 2,SH2 domain-containing protein tyrosine phosphatase 2
shedding,shedding
short interference (si)-RNA,siRNA
shRNA,shRNA
sialic acid,sialic acid
sickle cell disease,sickle cell disease
Signal mechanism,Signal mechanism
signal transducer and activator of transcription 5,STAT5
signal transducer and activator of transcription-3,STAT3
Signal transduction,signal transduction
signal transduction,signal transduction
signaling,signaling
signaling mechanisms,signaling mechanism
Signaling pathway,signaling pathway
signaling pathway,signaling pathway
silencing,silencing
Simvastatin,simvastatin
simvastatin,simvastatin
simvastatin delivery,simvastatin delivery
single-cell RNA sequencing,single-cell RNA sequencing
Single-cell RNA sequencing,single-cell RNA sequencing
single-cell RNA-sequencing,single-cell RNA sequencing
siRNA,small interfering RNA
Sirt1,SIRT1
SIRT1,SIRT1
SIRT1 protein,SIRT1
SIRT3,SIRT3
Sirtuin,Sirtuin
sitagliptin,sitagliptin
Sivelestat,Sivelestat
Sivelestat sodium (SIV),Sivelestat
skeletal rearrangement,skeletal rearrangement
SLC-0111,SLC-0111
Slit2,Slit2
SMAD2,SMAD2
SMAD7,SMAD7
Small extracellular vesicles,Small extracellular vesicles
small interfering RNA,small interfering RNA
small RNA,small RNA
Smoke inhalation,smoke inhalation
smoke inhalation,smoke inhalation
SND,SND
SNHG3,SNHG3
S-nitrosoalbumin,S-nitrosoalbumin
S-nitrosylation,S-nitrosylation
SOCE,store-operated calcium entry
SOCs,SOCs
soluble adenylate cyclase,soluble adenylate cyclase
soluble adenylyl cyclase,soluble adenylate cyclase
Soluble cluster of differentiation 74,Soluble cluster of differentiation 74
soluble fractalkine,soluble fractalkine
Sonic hedgehog,Sonic hedgehog
Sox9,Sox9
Sp1,Sp1
sphingolipids,sphingolipids
sphingomyelin synthase,sphingomyelin synthase
S1P,sphingosine-1-phosphate
S1P lyase,sphingosine-1-phosphate lyase
S1P receptors,sphingosine-1-phosphate receptors
S1p receptors,sphingosine-1-phosphate receptors
S1PR1,sphingosine-1-phosphate receptor 1
S1pr1,sphingosine-1-phosphate receptor 1
Sphingosine 1-phosphate,sphingosine-1-phosphate
sphingosine 1-phosphate,sphingosine-1-phosphate
sphingosine 1-phosphate receptor 1,sphingosine-1-phosphate receptor 1
sphingosine kinase,sphingosine kinase
sphingosine kinase 1,sphingosine kinase 1
Sphingosine-1-phosphate,sphingosine-1-phosphate
sphingosine-1-phosphate,sphingosine-1-phosphate
sphingosine-1-phosphate lyase,sphingosine-1-phosphate lyase
sphingosine-1-phosphate receptor 2,sphingosine-1-phosphate receptor 2
sphingosine-1-phosphate receptor-3,sphingosine-1-phosphate receptor 3
spike protein,spike protein
spironolactone and dexamethasone,spironolactone and dexamethasone
sPLA(2)-V,sPLA(2)-V
splicing,splicing
Src,Src
SRC,Src
Src protein tyrosine kinase,Src
Src signaling,Src signaling
Src/VE-Cadherin pathway,Src/VE-Cadherin pathway
Src-suppressed C kinase substrate,Src-suppressed C kinase substrate
SRPK1,SRPK1
SRT1720,SRT1720
Stanford type-A acute aortic dissection,Stanford type-A acute aortic dissection
stanniocalcin,stanniocalcin
Staphylococcus aureus,Staphylococcus aureus
Staphylococcus aureus (S,Staphylococcus aureus
Staphylococcus aureus enterotoxin,Staphylococcus aureus enterotoxin
STAT3,STAT3
STAT3 pathway,STAT3 pathway
STAT3 Transcription Factor,STAT3 Transcription Factor
statins,statins
Statins,statins
STEAP1,STEAP1
Steen solution,Steen solution
Stem cell therapy,Stem cell therapy
Stem cell transplantation,Stem cell therapy
Stem/progenitor cells,stem/progenitor cell
STING,STING
store-operated calcium entry,store-operated calcium entry
Stress fibers,Stress fibers
stretch,stretch
stromal interacting molecule 1,stromal interacting molecule 1
Stromelysin1,MMP3
stromelysin-1,MMP3
SU5416,SU5416
sub-phenotypes,sub-phenotypes
substrate stiffness,substrate stiffness
sulfatase 2,sulfatase 2
Sulforaphane,Sulforaphane
sulfur dioxide,sulfur dioxide
superinfection,superinfection
Superoxide Ion,Superoxide Ion
Surface charge,Surface charge
surface modification,surface modification
Surfactants,Surfactants
survival,survival
survival and homing,survival and homing
sweet taste,sweet taste
Syndecan-1,Syndecan-1
systemic disease,systemic disease
Systemic inflammation,Systemic inflammation
Systemic inflammatory response,Systemic inflammatory response
T cells,T cells
T helper cell immune responses,T helper cell immune responses
T1R3,T1R3
target genes,target genes
Targeted drug delivery,Targeted drug delivery
targeted drugs,targeted drugs
targeted therapy,targeted therapy
targeting ability,targeting ability
Targeting strategy,Targeting strategy
tau,tau
Technique,Technique
Telocyte,Telocyte
telocytes,telocytes
TEM,TEM
TER,TER
terbutaline,terbutaline
tert-butyl hydroperoxide,tert-butyl hydroperoxide
tetramethylpyrazine,tetramethylpyrazine
Tetramethylpyrazine,Tetramethylpyrazine
TGF-beta 1,TGF-beta 1
TGF-beta signaling,TGF-beta signaling
TGFBR3,TGFBR3
therapeutic targets,therapeutic targets
therapy,therapy
theta defensin,theta defensin
thiourea,thiourea
Thr protein phosphatase 1,Thr protein phosphatase 1
Thr protein phosphatase 2A,Thr protein phosphatase 2A
thrombin,thrombin
Thrombin,Thrombin
thrombomodulin,thrombomodulin
thrombosis,thrombosis
thromboxane,thromboxane
ticagrelor,ticagrelor
Tie1,Tie1
Tie-1,Tie1
Tie2,Tie2
Tie-2,Tie2
tight junction,tight junction
Tight junction,tight junction
tight junction protein,tight junction protein
Tight junction protein,tight junction protein
Tight junction proteins,tight junction protein
tight junction proteins,tight junction protein
Tight junctions,tight junction
tight junctions,tight junction
tight junctions (TJs),tight junction
TIMP-1,TIMP-1
tissue damage,tissue damage
tissue factor,tissue factor
tissue factor pathway inhibitor,tissue factor pathway inhibitor
tissue plasminogen activator,tissue plasminogen activator
TLR2,TLR2
TLR4,toll like receptor 4
TMP269,TMP269
TNF,tumor necrosis factor
TNF-a,tumor necrosis factor-alpha
TNFAIP3,TNFAIP3
TNF-alpha,tumor necrosis factor-alpha
TNFR1,tumor necrosis factor receptor-1
tobacco,tobacco
Tocilizumab,tocilizumab
tocilizumab,tocilizumab
tolerance,tolerance
Toll -like receptor,toll-like receptor
toll like receptor 4,toll like receptor 4
Toll-like receptor 4 (TLR4),toll like receptor 4
Toll-like receptors,toll-like receptor
Topoisomerase II alpha,Topoisomerase II alpha
TRAF6-mediated pathway,TRAF6-mediated pathway
TRALI,transfusion-related acute lung injury
Tranilast,Tranilast
transcript regulation,transcript regulation
transcription factor,transcription factor
transcription factors,transcription factor
transcriptional regulation,transcriptional regulation
transcriptional repression,transcriptional repression
transcriptome,transcriptome
transcriptome analysis,transcriptome analysis
transcriptomics,transcriptomics
transcriptomics and bioinformatics,transcriptomics and bioinformatics
transcytosis,transcytosis
Transendothelial migration,Transendothelial migration
transendothelial resistance,transendothelial resistance
transforming growth factor-beta receptor type 2 (TGF-beta-R2),transforming growth factor-beta receptor type 2 (TGF-beta-R2)
Transfusion,transfusion
transfusion,transfusion
Transfusion medicine,transfusion
transfusion-related acute lung injury,transfusion-related acute lung injury
Transfusion-related acute lung injury,transfusion-related acute lung injury
transfusion-related acute lung injury (TRALI),transfusion-related acute lung injury
Transient receptor potential vanilloid 4 (TRPV4),Transient receptor potential vanilloid 4 (TRPV4)
translational outcomes,translational outcome
translational research,translational research
transmigration,transmigration
Trans-migration,transmigration
Transmission electron microscopy,Transmission electron microscopy
transwell co-cultures,transwell co-cultures
Trauma,trauma
trauma,trauma
Trauma and injury,trauma
trauma/hemorrhagic shock,trauma/hemorrhagic shock
treatment,treatment
Treatment,treatment
tripartite motif containing 37,tripartite motif containing 37
Tripterygium hypoglaucum,Tripterygium hypoglaucum
Trogocytosis,Trogocytosis
TRPC,TRPC
TRPV4,Transient receptor potential vanilloid 4 (TRPV4)
TSGL-Ig,TSGL-Ig
TTP-like syndrome,TTP-like syndrome
tubulin,tubulin
TUG1,TUG1
tumor necrosis factor,tumor necrosis factor
tumor necrosis factor a,tumor necrosis factor-alpha
tumor necrosis factor receptor type I,tumor necrosis factor receptor-1
tumor necrosis factor receptor-1,tumor necrosis factor receptor-1
tumor necrosis factor-alpha,tumor necrosis factor-alpha
Tumor necrosis factor-alpha,tumor necrosis factor-alpha
TUNEL assay,TUNEL assay
Tunneling nanotubes,tunneling nanotube
Two-hit,Two-hit
two-hit ALI,two-hit ALI
two-hit model,two-hit model
Txnip,Txnip
type 2 alveolar epithelial cells,type 2 alveolar epithelial cell
tyrosine kinase,tyrosine kinase
ubiquitin E3 ligase,ubiquitin E3 ligase
ubiq-uitination,ubiq-uitination
Ubiquitin-specific protease 18,Ubiquitin-specific protease 18
ulinastatin,ulinastatin
Ulinastatin (UTI),ulinastatin
ultrastructure,ultrastructure
Unc-51 like autophagy activating kinase 1,Unc-51 like autophagy activating kinase 1
Unfolded protein response,Unfolded protein response
unfolded protein response,unfolded protein response
Unfractionated heparin,Unfractionated heparin
Urea-correction,Urea-correction
ursodeoxycholic acid,ursodeoxycholic acid
USA300,USA300
vagal stimulation,vagal stimulation
Vascular,vascular
vascular,vascular
Vascular barrier,vascular barrier
vascular barrier,vascular barrier
Vascular barrier dysfunction,Vascular barrier dysfunction
vascular biology,vascular biology
vascular diseases,vascular disease
Vascular diseases,vascular disease
Vascular endothelial barrier,Vascular endothelial barrier
Vascular endothelial cadherin,VE-cadherin
vascular endothelial cadherin,VE-cadherin
vascular endothelial cell,vascular endothelial cell
vascular endothelial cell (VEC),vascular endothelial cell
Vascular endothelial cells,vascular endothelial cell
vascular endothelial cells,vascular endothelial cell
Vascular endothelial dysfunction,Vascular endothelial dysfunction
vascular endothelial glycocalyx,vascular endothelial glycocalyx
Vascular endothelial growth factor,VEGF
Vascular endothelial growth factor (VEGF),VEGF
vascular endothelial growth factor (VEGF),VEGF
Vascular endothelial growth factor a (VEGFa),VEGFA
vascular endothelial-cadherin,VE-cadherin
vascular endothelium,vascular endothelium
Vascular endothelium,vascular endothelium
Vascular inflammation,vascular inflammation
vascular inflammation,vascular inflammation
Vascular injury,Vascular injury
vascular integrity,vascular integrity
Vascular integrity,vascular integrity
vascular leak,vascular leakage
Vascular leak,vascular leakage
vascular leakage,vascular leakage
Vascular leakage,vascular leakage
vascular microthrombotic disease (VMTD),vascular microthrombotic disease (VMTD)
Vascular permeability,vascular permeability
vascular permeability,vascular permeability
Vascular reactivity,Vascular reactivity
vascular regeneration,vascular regeneration
vascular remodeling,vascular remodeling
vascular repair,vascular repair
vascular targeting,vascular targeting
Vasculature,Vasculature
Vasculotide,Vasculotide
vasoconstriction,vasoconstriction
vasodilation,vasodilation
vasomotion,vasomotion
vaspin,vaspin
VE-cadherin,VE-cadherin
VE-Cadherin,VE-cadherin
VEGF,VEGF
VEGFA,VEGFA
veno-occlusive disease,veno-occlusive disease
Ventilation-induced lung injury,ventilator-induced lung injury
Ventilator-induced lung injury,ventilator-induced lung injury
ventilator-induced lung injury,ventilator-induced lung injury
ventilator-induced lung injury (VILI),ventilator-induced lung injury
VE-PTP,VE-PTP
Verdiperstat,Verdiperstat
Vessel permeability,Vessel permeability
Vessel type,Vessel type
Viability,Viability
VILI,ventilator-induced lung injury
Viola diffusa,Viola diffusa
viral vector,viral vector
virus,virus
von Willebrand factor,von Willebrand factor
wearability,wearability
whole lung tissue engineering,whole lung tissue engineering
Wnt,Wnt
wound healing,wound healing
wound healing assay,wound healing assay
XBP-1S,XBP-1S
XBP-1U,XBP-1U
XIST,XIST
Xuebijing Injection,Xuebijing Injection
Y-27632,Y-27632
Yes-associated protein,Yes-associated protein
zinc finger E-box binding homeobox 1,zinc finger E-box binding homeobox 1
ZO-1,zonula occludens 1
zonula occludens 1,zonula occludens 1
zonula occludens-1 protein,zonula occludens 1
zonulae occludente 1,zonula occludens 1
zymosan,zymosan
#NAME?,#NAME?
